title,link,price,img
복면 멀티 마스크/방한용마스크/자전거마스크/오토바이마스크/공사현장마스크/낚시마스크/스키마스크/등산마스크,onch_view.html?num=9529588&stxt=마스크,소비자가 : 로그인필수정보,https://image.onch3.co.kr/img_data/2021/1630566769_img51.jpg
마이넥 마스크/목주름/넥마스크/주름관리/목피부/목관리/넥케어/링클케어,onch_view.html?num=9529696&stxt=마스크,소비자가 : 로그인필수정보,https://image.onch3.co.kr/img_data/2021/1630568612_img20.png
이노레스 향균 마스크 케이스/접이식마스크케이스/마스크보관함/마스크파우치/일회용마스크케이스/마스크보관/마스키퍼,onch_view.html?num=9529662&stxt=마스크,소비자가 : 로그인필수정보,https://image.onch3.co.kr/img_data/2021/1630545583_img17.jpg
3D 수면 암막 안대 눈가리개 푹신한 아이 마스크/눈마사지기/눈찜질기/눈마사지/안구건조증/피곤한눈/암막햇빛가리개/눈아플때/눈의피로/눈피로/눈피로푸는법,onch_view.html?num=9529426&stxt=마스크,소비자가 : 로그인필수정보,https://image.onch3.co.kr/img_data/2021/1630480527_img50.jpg
매직키퍼 1주일 쓰는 구리이온필터 마스크/구리마스크/향균마스크/마스크/일반마스크/일회용마스크,onch_view.html?num=9529381&stxt=마스크,소비자가 : 로그인필수정보,https://image.onch3.co.kr/img_data/2021/1630476094_img75.jpg
특별한미소 KFAD 1박스 25매/KFAD/비말마스크/마스크/비말차단마스크/KFAD마스크,onch_view.html?num=9529382&stxt=마스크,소비자가 : 로그인필수정보,https://image.onch3.co.kr/img_data/2021/1630475898_img80.jpg
마스크 안경 김서림방지 안경닦이/김서림방지안경닦이/안경클리너/안경스팀방지/안경김서림방지제/안경닦이/고글 김서림방지/카메라 김서림방지 수건/마스크 김서림방지,onch_view.html?num=9528872&stxt=마스크,소비자가 : 로그인필수정보,https://image.onch3.co.kr/img_data/2021/1630323377_img59.jpg
마스크존 KF94 마스크 100매(5매 지퍼형)/마스크/KF94/마스크100매/황사방역마스크/마스크존,onch_view.html?num=9528422&stxt=마스크,소비자가 : 로그인필수정보,https://image.onch3.co.kr/img_data/2021/1629950830_img10.jpg
마이넥 마스크 화이트닝/넥마스크/목마스크/목주름/주름관리/목주름관리/안티에이징/목팩/목주름마스크,onch_view.html?num=9527781&stxt=마스크,소비자가 : 로그인필수정보,https://image.onch3.co.kr/img_data/2021/1629692807_img42.jpg
매일편한 kf94 황사마스크 국내생산 마스크 150매/매일편한 kf94 황사마스크 국내생산 마스크 1매입 개별포장/kf94마스크/덴탈마스크/마스크/kf94/대형마스크/일회용마스크/황사마스크/보건용마스크/블랙마스크/kf94화이트,onch_view.html?num=9527348&stxt=마스크,소비자가 : 로그인필수정보,https://image.onch3.co.kr/img_data/2021/1629441073_img56.jpg
귀가편안한 구리원사 패션마스크 기능성 항균마스크/구리마스크/마스크/3D마스크/빨아쓰는마스크/재사용마스크/세탁가능마스크/비말차단마스크/구리비말마스크/멋진마스크/패션마스크,onch_view.html?num=9527092&stxt=마스크,소비자가 : 로그인필수정보,https://image.onch3.co.kr/img_data/2021/1629356304_img29.jpg
현관 냉장고 열쇠 마스크걸이 무타공 SAFARI 자석행거/동물후크/동물행거/자석행거/마스크걸이/열쇠걸이/냉장고자석/메모홀더/후크행거/애니멀후크/주방행거/소품행거/,onch_view.html?num=9526467&stxt=마스크,소비자가 : 로그인필수정보,https://image.onch3.co.kr/img_data/2021/1629186011_img42.jpg
운동선수 마스크 쿨링 달리기 사계절 숨구멍 축구 야구선수 테니스 마라톤 트레이닝 스포츠마스크/통기성이좋은/숨마스크/헬스장/쿨링마스크/여름마스크/등산용마스크/기능성마스크/골프마스크/자전거마스크,onch_view.html?num=9526387&stxt=마스크,소비자가 : 로그인필수정보,https://image.onch3.co.kr/img_data/2021/1629183793_img47.png
하이드로 마스크 KF80 국내생산 50매 화이트 대형/KF80마스크/황사마스크/비말마스크/국산마스크/여름마스크/숨쉬기편한마스크/데일리마스크,onch_view.html?num=9526047&stxt=마스크,소비자가 : 로그인필수정보,https://image.onch3.co.kr/img_data/2021/1629019334_img44.jpg
벨레마드레 데일리 어린이 마스크 5매/어린이마스크/아동마스크/어린이2D마스크/어린이비말마스크/국산어린이마스크,onch_view.html?num=9526048&stxt=마스크,소비자가 : 로그인필수정보,https://image.onch3.co.kr/img_data/2021/1629018918_img35.jpg
스포츠 넥 마스크  S1508/여름마스크/귀걸이넥마스크/패션마스크/두겹마스크/가을마스크,onch_view.html?num=9526131&stxt=마스크,소비자가 : 로그인필수정보,https://image.onch3.co.kr/img_data/2021/1628824068_img24.jpg
기미존 보호 마스크 5칼라  S1507/여름야외활동/페이스마스크/여름마스크/여자마스크/패션마스크/두겹마스크/안붙는마스크,onch_view.html?num=9526132&stxt=마스크,소비자가 : 로그인필수정보,https://image.onch3.co.kr/img_data/2021/1628823876_img18.jpg
원아더 밤부블랙 메쉬 프리미엄 마스크/귀걸이형/버프/멀티프/자외선차단/등산/낚시/자전거/냉감 ,onch_view.html?num=9526109&stxt=마스크,소비자가 : 로그인필수정보,https://image.onch3.co.kr/img_data/2021/1628818482_img21.jpg
원아더 버블 메쉬 프리미엄 마스크/귀걸이형/버프/멀티프/자외선차단/등산/낚시/자전거/냉감 ,onch_view.html?num=9526110&stxt=마스크,소비자가 : 로그인필수정보,https://image.onch3.co.kr/img_data/2021/1628818409_img23.jpg
원아더 마르셀 메쉬 프리미엄 마스크/귀걸이형/버프/멀티프/자외선차단/등산/낚시/자전거/냉감 ,onch_view.html?num=9526111&stxt=마스크,소비자가 : 로그인필수정보,https://image.onch3.co.kr/img_data/2021/1628818337_img11.jpg
원아더 스파클블랙 메쉬 프리미엄 마스크/귀걸이형/버프/멀티프/자외선차단/등산/낚시/자전거/냉감 ,onch_view.html?num=9526112&stxt=마스크,소비자가 : 로그인필수정보,https://image.onch3.co.kr/img_data/2021/1628818258_img54.jpg
원아더 스파클블루 메쉬 프리미엄 마스크/귀걸이형/버프/멀티프/자외선차단/등산/낚시/자전거/냉감 ,onch_view.html?num=9526113&stxt=마스크,소비자가 : 로그인필수정보,https://image.onch3.co.kr/img_data/2021/1628818144_img54.jpg
곰돌이 똑딱이 마스크 분실방지 목걸이 볼펜 안경걸이/마스크스트랩/분실방지/안경걸이/볼펜꽂이/선글라스걸이/선글라스홀더/선글라스목걸이/안경목걸이/분실방지스트랩/목걸이줄,onch_view.html?num=9525708&stxt=마스크,소비자가 : 로그인필수정보,https://image.onch3.co.kr/img_data/2021/1628766513_img51.JPG
원아더 스파이더 메쉬 프리미엄 마스크/귀걸이형/버프/멀티프/자외선차단/등산/낚시/자전거/냉감 ,onch_view.html?num=9525631&stxt=마스크,소비자가 : 로그인필수정보,https://image.onch3.co.kr/img_data/2021/1628763166_img24.jpg
원아더 스타블루 메쉬 프리미엄 마스크/귀걸이형/버프/멀티프/자외선차단/등산/낚시/자전거/냉감 ,onch_view.html?num=9525632&stxt=마스크,소비자가 : 로그인필수정보,https://image.onch3.co.kr/img_data/2021/1628763073_img16.jpg
원아더 스타레드 메쉬 프리미엄 마스크/귀걸이형/버프/멀티프/자외선차단/등산/낚시/자전거/냉감 ,onch_view.html?num=9525633&stxt=마스크,소비자가 : 로그인필수정보,https://image.onch3.co.kr/img_data/2021/1628762990_img21.jpg
원아더 타이티 메쉬 프리미엄 마스크/귀걸이형/버프/멀티프/자외선차단/등산/낚시/자전거/냉감 ,onch_view.html?num=9525634&stxt=마스크,소비자가 : 로그인필수정보,https://image.onch3.co.kr/img_data/2021/1628762912_img30.jpg
[이거찜] 초간편 안전한 마스크 보관 케이스 마스크케이스/케이스/마스크보관함/kf94마스크보관함/마스크보관케이스,onch_view.html?num=9524555&stxt=마스크,소비자가 : 로그인필수정보,https://image.onch3.co.kr/ext_image/2021/2021_08/CH1760482_TTLI00NM_0001.jpg
시원한 모시 꽃 자수 마스크/새부리형마스크/삼베마스크/숨쉬기편한/패션마스크/입체마스크/먼지차단마스크/자수마스크/빨아쓰는마스크/다회용마스크/여름용마스크,onch_view.html?num=9524515&stxt=마스크,소비자가 : 로그인필수정보,https://image.onch3.co.kr/img_data/2021/1628130447_img19.jpg
국산 레이스 마스크끈 마스크 스트랩 마스크목걸이끈/마스크목걸이/마스크줄/마스크스트랩/레이스마스크스트랩/레이스마스크줄/레이스마스크끈/마스크끈/마스크목걸이스트랩/마스크레이스줄/마스크레이스목걸이,onch_view.html?num=9524212&stxt=마스크,소비자가 : 로그인필수정보,https://image.onch3.co.kr/img_data/2021/1628067047_img73.jpg
어몽어스 야광 마스크스트랩 야광 마스크줄 7종/마스크목걸이/마스크줄/마스크스트랩/어몽어스마스크스트랩/어몽어스마스크줄/마스크끈/마스크분실방지/마스크목걸이스트랩/마스크목걸이줄/어몽어스마스크스트랩줄,onch_view.html?num=9524213&stxt=마스크,소비자가 : 로그인필수정보,https://image.onch3.co.kr/img_data/2021/1628049868_img42.jpg
하리보 마스크스트랩 마스크줄/마스크목걸이/마스크줄/마스크스트랩/하리보마스크스트랩/하리보마스크줄/마스크끈/마스크분실방지/마스크목걸이스트랩/마스크목걸이줄/마스크스트랩줄,onch_view.html?num=9524214&stxt=마스크,소비자가 : 로그인필수정보,https://image.onch3.co.kr/img_data/2021/1628048211_img12.jpg
어몽어스 야광 마스크스트랩 왕고리 유치원 유아 어린이 초등학생 마스크줄/마스크목걸이/마스크줄/마스크스트랩/야광마스크줄/어몽어스마스크줄/마스크끈/마스크분실방지/어몽어스목걸이스트랩/마스크목걸이줄/어몽어스마스크스트랩줄,onch_view.html?num=9524215&stxt=마스크,소비자가 : 로그인필수정보,https://image.onch3.co.kr/img_data/2021/1628047171_img54.jpg
마블 어벤져스 히어로 야광 캐릭터 이니셜 마스크 스트랩/마스크목걸이/마스크줄/마스크스트랩/마스크걸이/야광마스크줄/마스크끈/마스크분실방지/마스크목걸이스트랩/어린이집선물/마스크스트랩줄,onch_view.html?num=9524216&stxt=마스크,소비자가 : 로그인필수정보,https://image.onch3.co.kr/img_data/2021/1628045670_img54.jpg
숨쉬기편한 마스크가드 마스크이너가드 마스크지지대 마스크뽕/마스크가드/마스크이너가드/마스크지지대/마스크뽕/실리콘마스크가드/숨쉬기편한마스크/실리콘마스크뽕,onch_view.html?num=9524195&stxt=마스크,소비자가 : 로그인필수정보,https://image.onch3.co.kr/img_data/2021/1628221790_img10.jpg
바이러스쉴드 미세전류 구리원사 마스크/구리마스크/미세전류마스크/빨아쓰는마스크/패브릭마스크/숨쉬기편한/스포츠마스크/연예인패션/바이러스차단/항균마스크/블랙마스크,onch_view.html?num=9523961&stxt=마스크,소비자가 : 로그인필수정보,https://image.onch3.co.kr/img_data/2021/1627809590_img72.jpg
햇빛차단 복면마스크/복면/자전거/등산/트레이닝/햇빛/자외선차단/마스크/얼굴/골프/넥,onch_view.html?num=9523901&stxt=마스크,소비자가 : 로그인필수정보,https://image.onch3.co.kr/img_data/2021/1627880849_img66.jpg
지스텔라 진주 퓨어 네이처 마스크 10매/광채투명/1일1팩/고농축앰플/진주추출물,onch_view.html?num=9523831&stxt=마스크,소비자가 : 로그인필수정보,https://image.onch3.co.kr/img_data/2021/1627811233_img57.jpg
지스텔라 벌꿀 퓨어 네이처 마스크 10매/꿀광촉촉/1일1팩/영양보습/고농축앰플/벌꿀추출물,onch_view.html?num=9523832&stxt=마스크,소비자가 : 로그인필수정보,https://image.onch3.co.kr/img_data/2021/1627810459_img42.jpg
마스크뽕 마스크가드 3단조절 B형/마스크뽕/마스크가드/마스크지지대/마스크실리콘가드/마스크실리콘/마스크숨쉬기지지대/마스크조절형가드,onch_view.html?num=9523789&stxt=마스크,소비자가 : 로그인필수정보,https://image.onch3.co.kr/img_data/2021/1627802546_img30.jpg
빨고 덧대쓰는 연예인 3D 패션 연예인 일반마,W8E8FC1,1050,https://cdn.ownerclan.com/6Z87Si38XKiKDF9XvY1Sc5kxhA6ioo4hTbknPnyPweg/marketize/300/as/v1.jpg
국산 입체 마스크 편한착용 일회용마스크 마스크,W8E8FC7,2290,https://cdn.ownerclan.com/MUrA8F8WvD7wHZj0rVixpvENipBqxzhAirvrK83ULE8/marketize/300/as/v1.jpg
국산 입체 편한착용 일회용마스크,W63A451,2240,https://cdn.ownerclan.com/MUrA8F8WvD7wHZj0rVixpvENipBqxzhAirvrK83ULE8/marketize/300/as/v1.jpg
숨쉬기편한 D-xing 일반 3중 필터마스크 10매,W5FF67D,20130,https://cdn.ownerclan.com/tKflQO9kLlV4glMEMH058ko8qGsRMd~d3gu19CbXieQ/marketize/300/as/v1.jpg
빨고 덧대쓰는 3D 패션 연예인 일반마스크,W5FA984,990,https://cdn.ownerclan.com/6Z87Si38XKiKDF9XvY1Sc5kxhA6ioo4hTbknPnyPweg/marketize/300/as/v1.jpg
월타일스티커 507 적색혼합 잔다마스크 타일시트,W8E9A1D,3930,https://cdn.ownerclan.com/dUf2ijzzQGyBXSnqoqSwT~9208lM9_iy8YTJX4EqcNM/marketize/300/as/v1.jpg
스티커타일 506 청혼합 다마스크 데코 타일시트,W8E9A22,3930,https://cdn.ownerclan.com/e2IIv_4rZ5ZwqL~epOFF0CoACokgEnX8t0oVyBwrOFM/marketize/300/as/v1.jpg
스티커타일 507 적혼합 다마스크 DIY 타일시트지,W8E9A21,3930,https://cdn.ownerclan.com/YVUgv1_4qQ9_trJqja2h1ZAoAs07GvPX5nlz4sTj7UQ/marketize/300/as/v1.jpg
월타일스티커 506 파랑혼합 잔다마스크 타일벽지,W8E9A1E,3930,https://cdn.ownerclan.com/srE9epLr8h2m4h26QXHYlRTLEsxoUhyDMcd6bVNnE9Q/marketize/300/as/v1.jpg
국산 웰빙파인더스 보건마스크 의약외품 KF94,W8E8FC9,7160,https://cdn.ownerclan.com/WBy1U8qHLdv6IdmxdoSKY072bVqSSp~fGwo_N0z4oX0/marketize/300/as/v1.jpg
프라벨 3중필터 마스크 일회용 마스크 5매 어,W8E8FC6,6090,https://cdn.ownerclan.com/V8Icxsk17Lc6SPqqyo74HjznX3rwHs4jNXpKgG66JUk/marketize/300/as/v1.jpg
프라벨 3중필터 마스크 일회용 마스크 60매,W8E8FC5,69780,https://cdn.ownerclan.com/xjAoGjd9EbjS1bomFnR1I3CDdp2VH3pJj~7bX9JcA68/marketize/300/as/v1.jpg
일회용 3중 정정기필터 마스크필터 정전기패드,W8E8FC4,10870,https://cdn.ownerclan.com/SPwRNtpaEFgN6yUkXuADmVYo_~o7MXUa3L2weKDDa4g/marketize/300/as/v1.jpg
밴드고정 비말차단 안면보호대 투명 안면보호대,W8E8FC8,1520,https://cdn.ownerclan.com/tFBpvvW7XC6WrDzFiswzVxCa_5wgDJ5R1A7GVMAowE0/marketize/300/as/v1.jpg
숨쉬기편한 D-Xing 일반마스크 일반 3중,W8E8FC2,20210,https://cdn.ownerclan.com/tKflQO9kLlV4glMEMH058ko8qGsRMd~d3gu19CbXieQ/marketize/300/as/v1.jpg
갸름한 얼굴 갸르미 네오플랜 V라인 마스크 갸,W8E3CCA,4190,https://cdn.ownerclan.com/l9tGL906LXraB6YeIsTIRU6hc_ZXsnc_vAL1jgtMWfM/marketize/300/as/v1.jpg
3M 넥쿨러 넥마스크 남녀공용 멀티두건스카프,W8E3CCD,15340,https://cdn.ownerclan.com/CXwe1LVCY5Ecg~bRBO6zwoGCZ3BPDaNgcY8GOYbVP5o/marketize/300/as/v1.jpg
탈부착 투명막 안면보호대 안면보호대 마스크 벙,W8E066B,3230,https://cdn.ownerclan.com/p7LaNWy4lTt~tOX3jFRkQ8FpGR74bq8oRyiJ6fvMqfQ/marketize/300/as/v1.jpg
안전 쿠킹 요리마스크 마스크 요리마스크 투명마,W8DFD2D,5150,https://cdn.ownerclan.com/FQzdCHRI~T6ALV0X6Druv74291qbD4b5gsqc9VnVyK8/marketize/300/as/v1.jpg
스티커타일 518 큰다마스크 인테리어 데코타일,W8D3296,3930,https://cdn.ownerclan.com/DNSiFfDrR6pSbUquiH_nVoQHrbJw6wSO8LVngxx_TbY/marketize/300/as/v1.jpg
월타일스티커 518 큰다마스크 포인트 스티커타일,W8D328C,3930,https://cdn.ownerclan.com/F4irdj_imspMIpdKsmxPQ4WjFbTB27nMaICPX~Mj40s/marketize/300/as/v1.jpg
월타일스티커 509 회색 다마스크 DIY 스티커타일,W8B360C,3930,https://cdn.ownerclan.com/YQISSA9aq9sbWz7fFY7Y2vVoAzLB8KeCzPQZCX1AEwg/marketize/300/as/v1.jpg
월타일스티커 510 베이지 다마스크무늬 타일벽지,W8B3606,3930,https://cdn.ownerclan.com/NjK7mKMmQMUEBZG4LIqFLPibbhsEL0wiIiUuFj284O0/marketize/300/as/v1.jpg
월타일스티커 511 흰색 다마스크무늬 포인트타일,W8B3605,3930,https://cdn.ownerclan.com/kwxWKRxpUhbOgI_aNvCIIKgmH~EGB4h5Wpwn7ONOs6I/marketize/300/as/v1.jpg
스티커타일 509 회색다마스크 포인트타일 벽지,W8B361B,3930,https://cdn.ownerclan.com/Cl2zkm4LSaVAH5P_V4E1qIdIyCuUoxIH1Z9NJEcPp1c/marketize/300/as/v1.jpg
스티커타일 510 베이지다마스크 데코스티커 타일,W8B3615,3930,https://cdn.ownerclan.com/b7bJW9acGs~N0fhwsX4UNtHX11sqmss1tQ~nDEnkfpE/marketize/300/as/v1.jpg
스티커타일 511 흰다마스크 타일시트 시트타일,W8B3614,3930,https://cdn.ownerclan.com/kE863KJWV~nFoty_NJetX5kyP3A~8UiicNfkBLOSO5Y/marketize/300/as/v1.jpg
국산 KF94마스크 일회용 대형 비말 필터 3D입체 방역,W7F7B6D,2750,https://cdn.ownerclan.com/sqNhr4I6ygNvzn5rgLf~cB1QHY7mVl4i6Wf0wG6sHSg/marketize/300/as/v1.jpg
마스크파우치 보관케이스 보관함 트랩 보관 통 지퍼백,W7F7B61,2750,https://cdn.ownerclan.com/XcKQDQo8doC6DPKGHFkOoo~Uw~~8EKb4vNwB9_MEdKY/marketize/300/as/v1.jpg
2A마스크W 50매 국산일회용 일반부직포 비말 대형필터,W7F7B4D,4120,https://cdn.ownerclan.com/IsL25Of9pox6z2kGMNDo7_ROYVDknNJNCZBt6M29E8A/marketize/300/as/v1.jpg
KF94마스크존 50매 국산 일회용 대형 비말 보건용필터,W7F7AFE,22770,https://cdn.ownerclan.com/sihmb3S2UnGtVzQBvaQEIoEs2z7zn1J_OzODSPMqov4/marketize/300/as/v1.jpg
KF94마스크존 5매 일회용 방역 숨쉬기편한 대형 입체,W7F7968,2750,https://cdn.ownerclan.com/IgdL_y0iYBP49EgDGEh7a8IZAf92UkuDuj6BwUWKlHw/marketize/300/as/v1.jpg
국산 웰빙파인더스 의약외품 KF94 마스크 3매,W66A1B3,7090,https://cdn.ownerclan.com/WBy1U8qHLdv6IdmxdoSKY072bVqSSp~fGwo_N0z4oX0/marketize/300/as/v1.jpg
밴드고정 투명 안면보호대 마스크,W63A453,1490,https://cdn.ownerclan.com/tFBpvvW7XC6WrDzFiswzVxCa_5wgDJ5R1A7GVMAowE0/marketize/300/as/v1.jpg
프라벨 3중필터 일회용 마스크 5매 어린이 어른,W62C669,6060,https://cdn.ownerclan.com/V8Icxsk17Lc6SPqqyo74HjznX3rwHs4jNXpKgG66JUk/marketize/300/as/v1.jpg
프라벨 3중필터 일회용 마스크 60매 어린이 어른,W62C668,69780,https://cdn.ownerclan.com/xjAoGjd9EbjS1bomFnR1I3CDdp2VH3pJj~7bX9JcA68/marketize/300/as/v1.jpg
일회용 3중 마스크필터 정전기패드 100매,W6232C8,11330,https://cdn.ownerclan.com/SPwRNtpaEFgN6yUkXuADmVYo_~o7MXUa3L2weKDDa4g/marketize/300/as/v1.jpg
3M 넥쿨러 남녀공용 멀티두건스카프,W1628E8,15320,https://cdn.ownerclan.com/263MYWRRS4A9MqSLl8sjxVmvNTxOuYxxXYQJdwGE4ZU/marketize/300/as/v1.jpg
갸름한 얼굴 네오플랜 V라인 마스크,W14CFF2,4110,https://cdn.ownerclan.com/9B59JGlhAPolLl3n1zLft339wq9Oml3jFn0PggkcSVE/marketize/300/as/v1.jpg
[ 안전 쿠킹 마스크 ] 크린 위생 안면케어 요리마스크 투명마스크 위생마스크 대형마트 조리마스크,W101899,5120,https://cdn.ownerclan.com/oL6UOxWXdmiUeLGiJLvbPe3bSW5EMqoD9xK0y~W5uqQ/marketize/300/as/v1.jpg
목주름 없애기 관리 법 리프팅 밴드 넥 젤 마스크 팩,W930B2F,5270,https://cdn.ownerclan.com/lHu530BWvJCw_bSo6FEYqIKO1u1eY_dBFW2Tg4SOwQs/marketize/300/as/v1.jpg
마스크팩 얼굴팩 시트 피부 관리 화장품 송이 10팩,W92E54E,2190,https://cdn.ownerclan.com/KC28170CqVw2L6sPGSAgGOBPf1xVe9nXmhGZjGYJGig/marketize/300/as/v1.jpg
마스크팩 얼굴팩 시트 피부 관리 화장품 콜라겐 10팩,W92E54D,2190,https://cdn.ownerclan.com/COgzMpLI8xhSyvSav0XTx~ddiWCA6kl9ftQOZ~ivtbw/marketize/300/as/v1.jpg
마스크팩 얼굴팩 시트 피부 관리 화장품 녹차 10팩,W92E54C,2190,https://cdn.ownerclan.com/i8AXEQlTdkc471UoqY13O55FX6k8arNtrPH5srKWRx4/marketize/300/as/v1.jpg
마스크팩 얼굴팩 시트 피부 관리 화장품 홍삼 10팩,W92E556,2480,https://cdn.ownerclan.com/Re9Yjm0x58xcpQ242A42wWJWTEyQXWNdDEd063Ddq2s/marketize/300/as/v1.jpg
마스크팩 얼굴팩 시트 피부 관리 화장품 블루베리10팩,W92E54B,2190,https://cdn.ownerclan.com/pjVyUA48ZGBDiV2EJszz2iqhwUPgc2wC1BOumNjeU4k/marketize/300/as/v1.jpg
마스크팩 얼굴팩 시트 피부 관리 화장품 진주 10팩,W92E555,2480,https://cdn.ownerclan.com/EwzTLte0yG9xHMokAzFwvgrrZEqDJR~pvZ0PAjspHvw/marketize/300/as/v1.jpg
마스크팩 얼굴팩 시트 피부 관리 화장품 아쿠아 10팩,W92E54A,2190,https://cdn.ownerclan.com/oF42ve9nTa8kCi7T~ajN4c1HWZjDwZumlmU8pwWV4wE/marketize/300/as/v1.jpg
마스크팩 얼굴팩 시트 피부 관리 화장품 로얄젤리10팩,W92E554,2480,https://cdn.ownerclan.com/JeVUZDx9nnt__w9fIpoxljH3jZQAJDQydRxOoY_s5H8/marketize/300/as/v1.jpg
마스크팩 얼굴팩 시트 피부 관리 화장품 알로에 10팩,W92E549,2190,https://cdn.ownerclan.com/S1fs9Ih7YvZK7RKkf2AcOV2u8B7eIUNh3XEjOuzSRZo/marketize/300/as/v1.jpg
마스크팩 얼굴팩 시트 피부 관리 화장품 감자 10팩,W92E553,2480,https://cdn.ownerclan.com/Qu~9P_WvPVZ5mC18mjo78k9IDzOxEEDY4GzxaxrJUy0/marketize/300/as/v1.jpg
마스크팩 얼굴팩 시트 피부 관리 화장품 흑진주 10팩,W92E548,2190,https://cdn.ownerclan.com/gDV~rZIQQzZ_bYpgDB~hVpPgp0Bt1EWBsDcnoR~KFu0/marketize/300/as/v1.jpg
마스크팩 얼굴팩 시트 피부 관리 화장품 비타민 10팩,W92E552,2480,https://cdn.ownerclan.com/1_0_5yC7kK0G_Ci_sO~6zZxJAbRflUX6co4iKVS23rA/marketize/300/as/v1.jpg
마스크팩 얼굴팩 시트 피부 관리 화장품 마유 10팩,W92E547,2190,https://cdn.ownerclan.com/1aEKqu1Tmg4KIf9VlFxHbOrkPhhu3Gwg4g2XX719k3g/marketize/300/as/v1.jpg
마스크팩 얼굴팩 시트 피부 관리 화장품 석류 10팩,W92E551,2480,https://cdn.ownerclan.com/UnXVYMJsZq~yixzp_uT5JVknJ35TQxxFFLq76thgh_A/marketize/300/as/v1.jpg
마스크팩 얼굴팩 시트 피부 관리 화장품 달팽이 10팩,W92E546,2190,https://cdn.ownerclan.com/0TryMupgIREUtJBZ1K5N7fyh2ZTFFKOkGbSbZ_Qn9RY/marketize/300/as/v1.jpg
마스크팩 얼굴팩 시트 피부 관리 화장품 어성초 10팩,W92E550,2190,https://cdn.ownerclan.com/fAbdMnWZcxuhl_awYk0uWUQwRgjlVEwa8z23x1FJRBE/marketize/300/as/v1.jpg
마스크팩 얼굴팩 시트 피부 관리 화장품 오이 10팩,W92E54F,2190,https://cdn.ownerclan.com/LBqlB5Hl8o6rBcmccAjYWZiYTfQvXUvew58kU~ALwCM/marketize/300/as/v1.jpg
고프로 스노쿨링 잠수 물놀이 수영장 마스크 수경,W91DA40,10980,https://cdn.ownerclan.com/GYQyRLAQFP6PXOlL_s4Yta9HBtTddNKEG1KL746EZjI/marketize/300/as/v1.jpg
힐타임 쪼꼬키즈 마스크 25매,W9193D3,12580,https://cdn.ownerclan.com/Q87~oYqNT4SXFBrLdRQdW79HBpHsZFye4Ti1y3TqKUc/marketize/300/as/v1.jpg
